,Accuracy,AccuracySD,C,model_name,nfolds,pca,subject_data_file,threshold
0,0.526666666667,0.0756888247097,1.0,"('pb', '')",50,,HumanPredictions_20151118.txt,0.5
1,0.459523809524,0.0613066342361,1.0,"('random', '1000')",50,,HumanPredictions_20151118.txt,0.5
2,0.467619047619,0.0679318719676,1.0,"('random', '10000')",50,,HumanPredictions_20151118.txt,0.5
3,0.509761904762,0.0815694270457,1.0,"('alexnet', 'conv1')",50,,HumanPredictions_20151118.txt,0.5
4,0.561428571429,0.0583872442815,1.0,"('alexnet', 'pool1')",50,,HumanPredictions_20151118.txt,0.5
5,0.534523809524,0.062508502823,1.0,"('alexnet', 'norm1')",50,,HumanPredictions_20151118.txt,0.5
6,0.515238095238,0.079718893876,1.0,"('alexnet', 'conv2')",50,,HumanPredictions_20151118.txt,0.5
7,0.572380952381,0.0667873058125,1.0,"('alexnet', 'pool2')",50,,HumanPredictions_20151118.txt,0.5
8,0.55,0.0710306375723,1.0,"('alexnet', 'norm2')",50,,HumanPredictions_20151118.txt,0.5
9,0.540238095238,0.0692889869952,1.0,"('alexnet', 'conv3')",50,,HumanPredictions_20151118.txt,0.5
10,0.501428571429,0.0641373950373,1.0,"('alexnet', 'conv4')",50,,HumanPredictions_20151118.txt,0.5
11,0.529285714286,0.0775989602988,1.0,"('alexnet', 'conv5')",50,,HumanPredictions_20151118.txt,0.5
12,0.514285714286,0.059808841367,1.0,"('alexnet', 'pool5')",50,,HumanPredictions_20151118.txt,0.5
13,0.539761904762,0.0670740106337,1.0,"('alexnet', 'fc6')",50,,HumanPredictions_20151118.txt,0.5
14,0.511904761905,0.0681385143869,1.0,"('alexnet', 'fc7')",50,,HumanPredictions_20151118.txt,0.5
15,0.449285714286,0.0686693249601,1.0,"('alexnet', 'fc8')",50,,HumanPredictions_20151118.txt,0.5
16,0.559047619048,0.0606072819914,1.0,"('alexnet', 'prob')",50,,HumanPredictions_20151118.txt,0.5
17,0.526666666667,0.0595504702198,1.0,"('googlenet', 'pool1_norm1')",50,,HumanPredictions_20151118.txt,0.5
18,0.52380952381,0.0664537416045,1.0,"('googlenet', 'conv2_norm2')",50,,HumanPredictions_20151118.txt,0.5
19,0.498095238095,0.0701213719398,1.0,"('googlenet', 'inception_3a_output')",50,,HumanPredictions_20151118.txt,0.5
20,0.519761904762,0.0696854773941,1.0,"('googlenet', 'inception_3b_output')",50,,HumanPredictions_20151118.txt,0.5
21,0.509047619048,0.0736773009223,1.0,"('googlenet', 'pool3_3x3_s2')",50,,HumanPredictions_20151118.txt,0.5
22,0.493095238095,0.0786107405262,1.0,"('googlenet', 'inception_4a_output')",50,,HumanPredictions_20151118.txt,0.5
23,0.518333333333,0.0761610806389,1.0,"('googlenet', 'inception_4b_output')",50,,HumanPredictions_20151118.txt,0.5
24,0.519761904762,0.0973460177179,1.0,"('googlenet', 'inception_4c_output')",50,,HumanPredictions_20151118.txt,0.5
25,0.473571428571,0.0618722442067,1.0,"('googlenet', 'inception_4d_output')",50,,HumanPredictions_20151118.txt,0.5
26,0.544761904762,0.0605417717155,1.0,"('googlenet', 'inception_4e_output')",50,,HumanPredictions_20151118.txt,0.5
27,0.490476190476,0.0676793828741,1.0,"('googlenet', 'pool4_3x3_s2')",50,,HumanPredictions_20151118.txt,0.5
28,0.528095238095,0.0957059934811,1.0,"('googlenet', 'inception_5a_output')",50,,HumanPredictions_20151118.txt,0.5
29,0.527380952381,0.0670587957405,1.0,"('googlenet', 'inception_5b_output')",50,,HumanPredictions_20151118.txt,0.5
30,0.545952380952,0.053133661092,1.0,"('googlenet', 'prob')",50,,HumanPredictions_20151118.txt,0.5
31,0.534319942677,0.0971881589784,1.0,"('pb', '')",50,,HumanPredictions_20151118.txt,0.8
32,0.474457369291,0.0981970616954,1.0,"('random', '1000')",50,,HumanPredictions_20151118.txt,0.8
33,0.484838552082,0.0893080757855,1.0,"('random', '10000')",50,,HumanPredictions_20151118.txt,0.8
34,0.634334158256,0.124695198087,1.0,"('alexnet', 'conv1')",50,,HumanPredictions_20151118.txt,0.8
35,0.583688439976,0.114572173319,1.0,"('alexnet', 'pool1')",50,,HumanPredictions_20151118.txt,0.8
36,0.498865277901,0.0928720835962,1.0,"('alexnet', 'norm1')",50,,HumanPredictions_20151118.txt,0.8
37,0.517782695874,0.113319188414,1.0,"('alexnet', 'conv2')",50,,HumanPredictions_20151118.txt,0.8
38,0.524165336188,0.0865349958296,1.0,"('alexnet', 'pool2')",50,,HumanPredictions_20151118.txt,0.8
39,0.537106118676,0.118742854671,1.0,"('alexnet', 'norm2')",50,,HumanPredictions_20151118.txt,0.8
40,0.463762480003,0.071640924755,1.0,"('alexnet', 'conv3')",50,,HumanPredictions_20151118.txt,0.8
41,0.458424383161,0.0992801097632,1.0,"('alexnet', 'conv4')",50,,HumanPredictions_20151118.txt,0.8
42,0.478052853771,0.134937227245,1.0,"('alexnet', 'conv5')",50,,HumanPredictions_20151118.txt,0.8
43,0.475402166559,0.0837411945632,1.0,"('alexnet', 'pool5')",50,,HumanPredictions_20151118.txt,0.8
44,0.557760226328,0.117734152484,1.0,"('alexnet', 'fc6')",50,,HumanPredictions_20151118.txt,0.8
45,0.577469154374,0.125683028815,1.0,"('alexnet', 'fc7')",50,,HumanPredictions_20151118.txt,0.8
46,0.492927667404,0.100883305625,1.0,"('alexnet', 'fc8')",50,,HumanPredictions_20151118.txt,0.8
47,0.577039428068,0.113697659478,1.0,"('alexnet', 'prob')",50,,HumanPredictions_20151118.txt,0.8
48,0.561741474529,0.0907369266143,1.0,"('googlenet', 'pool1_norm1')",50,,HumanPredictions_20151118.txt,0.8
49,0.548512766961,0.11116075956,1.0,"('googlenet', 'conv2_norm2')",50,,HumanPredictions_20151118.txt,0.8
50,0.515098802668,0.128836744715,1.0,"('googlenet', 'inception_3a_output')",50,,HumanPredictions_20151118.txt,0.8
51,0.491025539323,0.0903930846269,1.0,"('googlenet', 'inception_3b_output')",50,,HumanPredictions_20151118.txt,0.8
52,0.517485743214,0.111271188608,1.0,"('googlenet', 'pool3_3x3_s2')",50,,HumanPredictions_20151118.txt,0.8
53,0.562959995927,0.114606017585,1.0,"('googlenet', 'inception_4a_output')",50,,HumanPredictions_20151118.txt,0.8
54,0.474597256707,0.106925604789,1.0,"('googlenet', 'inception_4b_output')",50,,HumanPredictions_20151118.txt,0.8
55,0.464945160206,0.101829960719,1.0,"('googlenet', 'inception_4c_output')",50,,HumanPredictions_20151118.txt,0.8
56,0.486772963449,0.144595567952,1.0,"('googlenet', 'inception_4d_output')",50,,HumanPredictions_20151118.txt,0.8
57,0.494547421121,0.119792569187,1.0,"('googlenet', 'inception_4e_output')",50,,HumanPredictions_20151118.txt,0.8
58,0.567856940702,0.113551393642,1.0,"('googlenet', 'pool4_3x3_s2')",50,,HumanPredictions_20151118.txt,0.8
59,0.619688917021,0.0989285658701,1.0,"('googlenet', 'inception_5a_output')",50,,HumanPredictions_20151118.txt,0.8
60,0.611822097467,0.0959834894041,1.0,"('googlenet', 'inception_5b_output')",50,,HumanPredictions_20151118.txt,0.8
61,0.627024117255,0.126359157165,1.0,"('googlenet', 'prob')",50,,HumanPredictions_20151118.txt,0.8
62,0.495476190476,0.0663636822516,1.0,"('pb', '')",50,True,HumanPredictions_20151118.txt,0.5
63,0.489761904762,0.0626335308255,1.0,"('alexnet', 'conv1')",50,True,HumanPredictions_20151118.txt,0.5
64,0.478095238095,0.0489319023313,1.0,"('alexnet', 'pool1')",50,True,HumanPredictions_20151118.txt,0.5
65,0.461428571429,0.0719252572494,1.0,"('alexnet', 'norm1')",50,True,HumanPredictions_20151118.txt,0.5
66,0.495,0.0745009853988,1.0,"('alexnet', 'conv2')",50,True,HumanPredictions_20151118.txt,0.5
67,0.452142857143,0.0510929303167,1.0,"('alexnet', 'pool2')",50,True,HumanPredictions_20151118.txt,0.5
68,0.494047619048,0.0654761904762,1.0,"('alexnet', 'norm2')",50,True,HumanPredictions_20151118.txt,0.5
69,0.535952380952,0.0639093923523,1.0,"('alexnet', 'conv3')",50,True,HumanPredictions_20151118.txt,0.5
70,0.483571428571,0.0541314642283,1.0,"('alexnet', 'conv4')",50,True,HumanPredictions_20151118.txt,0.5
71,0.514523809524,0.0581405950966,1.0,"('alexnet', 'conv5')",50,True,HumanPredictions_20151118.txt,0.5
72,0.484523809524,0.052394478773,1.0,"('alexnet', 'pool5')",50,True,HumanPredictions_20151118.txt,0.5
73,0.535238095238,0.0655069191963,1.0,"('alexnet', 'fc6')",50,True,HumanPredictions_20151118.txt,0.5
74,0.512380952381,0.073307045381,1.0,"('alexnet', 'fc7')",50,True,HumanPredictions_20151118.txt,0.5
75,0.514761904762,0.0693572695469,1.0,"('alexnet', 'fc8')",50,True,HumanPredictions_20151118.txt,0.5
76,0.522619047619,0.0578453838726,1.0,"('alexnet', 'prob')",50,True,HumanPredictions_20151118.txt,0.5
77,0.431666666667,0.0743760897136,1.0,"('googlenet', 'pool1_norm1')",50,True,HumanPredictions_20151118.txt,0.5
78,0.471666666667,0.0640157470707,1.0,"('googlenet', 'conv2_norm2')",50,True,HumanPredictions_20151118.txt,0.5
79,0.526904761905,0.069977725643,1.0,"('googlenet', 'inception_3a_output')",50,True,HumanPredictions_20151118.txt,0.5
80,0.525714285714,0.0621040747437,1.0,"('googlenet', 'inception_3b_output')",50,True,HumanPredictions_20151118.txt,0.5
81,0.509285714286,0.0537847604207,1.0,"('googlenet', 'pool3_3x3_s2')",50,True,HumanPredictions_20151118.txt,0.5
82,0.503571428571,0.0627799851116,1.0,"('googlenet', 'inception_4a_output')",50,True,HumanPredictions_20151118.txt,0.5
83,0.538571428571,0.0725139755081,1.0,"('googlenet', 'inception_4b_output')",50,True,HumanPredictions_20151118.txt,0.5
84,0.523571428571,0.0689445042857,1.0,"('googlenet', 'inception_4c_output')",50,True,HumanPredictions_20151118.txt,0.5
85,0.498571428571,0.0609654003952,1.0,"('googlenet', 'inception_4d_output')",50,True,HumanPredictions_20151118.txt,0.5
86,0.459523809524,0.0655519042759,1.0,"('googlenet', 'inception_4e_output')",50,True,HumanPredictions_20151118.txt,0.5
87,0.49880952381,0.0510240928375,1.0,"('googlenet', 'pool4_3x3_s2')",50,True,HumanPredictions_20151118.txt,0.5
88,0.54119047619,0.0609454051068,1.0,"('googlenet', 'inception_5a_output')",50,True,HumanPredictions_20151118.txt,0.5
89,0.513095238095,0.0597732867173,1.0,"('googlenet', 'inception_5b_output')",50,True,HumanPredictions_20151118.txt,0.5
90,0.531904761905,0.0698004931468,1.0,"('googlenet', 'pool5_7x7_s1')",50,True,HumanPredictions_20151118.txt,0.5
91,0.551666666667,0.0858335810049,1.0,"('googlenet', 'loss3_classifier')",50,True,HumanPredictions_20151118.txt,0.5
92,0.50380952381,0.0721566072076,1.0,"('googlenet', 'prob')",50,True,HumanPredictions_20151118.txt,0.5
93,0.554773325088,0.0987116145006,1.0,"('pb', '')",50,True,HumanPredictions_20151118.txt,0.8
94,0.505606742413,0.129956689996,1.0,"('alexnet', 'conv1')",50,True,HumanPredictions_20151118.txt,0.8
95,0.486478665958,0.0982167901719,1.0,"('alexnet', 'pool1')",50,True,HumanPredictions_20151118.txt,0.8
96,0.549846055839,0.106067893814,1.0,"('alexnet', 'norm1')",50,True,HumanPredictions_20151118.txt,0.8
97,0.544001782841,0.104503800084,1.0,"('alexnet', 'conv2')",50,True,HumanPredictions_20151118.txt,0.8
98,0.53942411888,0.0769307010685,1.0,"('alexnet', 'pool2')",50,True,HumanPredictions_20151118.txt,0.8
99,0.552134826294,0.102940758688,1.0,"('alexnet', 'norm2')",50,True,HumanPredictions_20151118.txt,0.8
100,0.541731954923,0.0830705571833,1.0,"('alexnet', 'conv3')",50,True,HumanPredictions_20151118.txt,0.8
101,0.466841657559,0.104963884069,1.0,"('alexnet', 'conv4')",50,True,HumanPredictions_20151118.txt,0.8
102,0.503784808798,0.123596887324,1.0,"('alexnet', 'conv5')",50,True,HumanPredictions_20151118.txt,0.8
103,0.509353066002,0.122950891045,1.0,"('alexnet', 'pool5')",50,True,HumanPredictions_20151118.txt,0.8
104,0.548906237882,0.103710301987,1.0,"('alexnet', 'fc6')",50,True,HumanPredictions_20151118.txt,0.8
105,0.540558288648,0.101709929592,1.0,"('alexnet', 'fc7')",50,True,HumanPredictions_20151118.txt,0.8
106,0.499592694106,0.104601375524,1.0,"('alexnet', 'fc8')",50,True,HumanPredictions_20151118.txt,0.8
107,0.610747849804,0.0859063569233,1.0,"('alexnet', 'prob')",50,True,HumanPredictions_20151118.txt,0.8
108,0.541632189188,0.108075688337,1.0,"('googlenet', 'pool1_norm1')",50,True,HumanPredictions_20151118.txt,0.8
109,0.481533099583,0.0860996589374,1.0,"('googlenet', 'conv2_norm2')",50,True,HumanPredictions_20151118.txt,0.8
110,0.472551199196,0.0986386946835,1.0,"('googlenet', 'inception_3a_output')",50,True,HumanPredictions_20151118.txt,0.8
111,0.625840595082,0.10803642674,1.0,"('googlenet', 'inception_3b_output')",50,True,HumanPredictions_20151118.txt,0.8
112,0.525611413425,0.114308006882,1.0,"('googlenet', 'pool3_3x3_s2')",50,True,HumanPredictions_20151118.txt,0.8
113,0.46384219422,0.0818639617108,1.0,"('googlenet', 'inception_4a_output')",50,True,HumanPredictions_20151118.txt,0.8
114,0.596194821627,0.0910893999268,1.0,"('googlenet', 'inception_4b_output')",50,True,HumanPredictions_20151118.txt,0.8
115,0.537240083514,0.0935979763845,1.0,"('googlenet', 'inception_4c_output')",50,True,HumanPredictions_20151118.txt,0.8
116,0.545360855249,0.0981978233399,1.0,"('googlenet', 'inception_4d_output')",50,True,HumanPredictions_20151118.txt,0.8
117,0.479376480726,0.132116087863,1.0,"('googlenet', 'inception_4e_output')",50,True,HumanPredictions_20151118.txt,0.8
118,0.583936463387,0.128048779323,1.0,"('googlenet', 'pool4_3x3_s2')",50,True,HumanPredictions_20151118.txt,0.8
119,0.511078915808,0.120880310251,1.0,"('googlenet', 'inception_5a_output')",50,True,HumanPredictions_20151118.txt,0.8
120,0.579343342157,0.0902816111036,1.0,"('googlenet', 'inception_5b_output')",50,True,HumanPredictions_20151118.txt,0.8
121,0.578571044695,0.107165336039,1.0,"('googlenet', 'pool5_7x7_s1')",50,True,HumanPredictions_20151118.txt,0.8
122,0.652082036612,0.119994373547,1.0,"('googlenet', 'loss3_classifier')",50,True,HumanPredictions_20151118.txt,0.8
123,0.510123907667,0.131159518279,1.0,"('googlenet', 'prob')",50,True,HumanPredictions_20151118.txt,0.8
124,0.502619047619,0.0634553961581,0.001,"('pb', '')",50,True,HumanPredictions_20151118.txt,0.5
125,0.478095238095,0.0635477930023,0.001,"('alexnet', 'conv1')",50,True,HumanPredictions_20151118.txt,0.5
126,0.475476190476,0.0603941137827,0.001,"('alexnet', 'pool1')",50,True,HumanPredictions_20151118.txt,0.5
127,0.501666666667,0.0686775798738,0.001,"('alexnet', 'norm1')",50,True,HumanPredictions_20151118.txt,0.5
128,0.499761904762,0.0672799175207,0.001,"('alexnet', 'conv2')",50,True,HumanPredictions_20151118.txt,0.5
129,0.485952380952,0.0593182163728,0.001,"('alexnet', 'pool2')",50,True,HumanPredictions_20151118.txt,0.5
130,0.487619047619,0.057536343636,0.001,"('alexnet', 'norm2')",50,True,HumanPredictions_20151118.txt,0.5
131,0.487142857143,0.0419101728108,0.001,"('alexnet', 'conv3')",50,True,HumanPredictions_20151118.txt,0.5
132,0.46880952381,0.0584614724769,0.001,"('alexnet', 'conv4')",50,True,HumanPredictions_20151118.txt,0.5
133,0.472142857143,0.0653618048472,0.001,"('alexnet', 'conv5')",50,True,HumanPredictions_20151118.txt,0.5
134,0.459523809524,0.0624517954695,0.001,"('alexnet', 'pool5')",50,True,HumanPredictions_20151118.txt,0.5
135,0.470952380952,0.0698297248755,0.001,"('alexnet', 'fc6')",50,True,HumanPredictions_20151118.txt,0.5
136,0.475238095238,0.073611100415,0.001,"('alexnet', 'fc7')",50,True,HumanPredictions_20151118.txt,0.5
137,0.483095238095,0.0759702919619,0.001,"('alexnet', 'fc8')",50,True,HumanPredictions_20151118.txt,0.5
138,0.481666666667,0.0764211537715,0.001,"('alexnet', 'prob')",50,True,HumanPredictions_20151118.txt,0.5
139,0.442619047619,0.0570281586969,0.001,"('googlenet', 'pool1_norm1')",50,True,HumanPredictions_20151118.txt,0.5
140,0.471428571429,0.0748392078357,0.001,"('googlenet', 'conv2_norm2')",50,True,HumanPredictions_20151118.txt,0.5
141,0.47880952381,0.063500049101,0.001,"('googlenet', 'inception_3a_output')",50,True,HumanPredictions_20151118.txt,0.5
142,0.474761904762,0.0725952341908,0.001,"('googlenet', 'inception_3b_output')",50,True,HumanPredictions_20151118.txt,0.5
143,0.482857142857,0.0733920605912,0.001,"('googlenet', 'pool3_3x3_s2')",50,True,HumanPredictions_20151118.txt,0.5
144,0.488333333333,0.0704894614275,0.001,"('googlenet', 'inception_4a_output')",50,True,HumanPredictions_20151118.txt,0.5
145,0.514523809524,0.077601882414,0.001,"('googlenet', 'inception_4b_output')",50,True,HumanPredictions_20151118.txt,0.5
146,0.517142857143,0.078901183929,0.001,"('googlenet', 'inception_4c_output')",50,True,HumanPredictions_20151118.txt,0.5
147,0.494047619048,0.0737038413913,0.001,"('googlenet', 'inception_4d_output')",50,True,HumanPredictions_20151118.txt,0.5
148,0.49,0.063947966376,0.001,"('googlenet', 'inception_4e_output')",50,True,HumanPredictions_20151118.txt,0.5
149,0.492619047619,0.0669166232495,0.001,"('googlenet', 'pool4_3x3_s2')",50,True,HumanPredictions_20151118.txt,0.5
150,0.500714285714,0.0759075849388,0.001,"('googlenet', 'inception_5a_output')",50,True,HumanPredictions_20151118.txt,0.5
151,0.512619047619,0.0777886694674,0.001,"('googlenet', 'inception_5b_output')",50,True,HumanPredictions_20151118.txt,0.5
152,0.506904761905,0.0788986691903,0.001,"('googlenet', 'pool5_7x7_s1')",50,True,HumanPredictions_20151118.txt,0.5
153,0.5,0.0823410307895,0.001,"('googlenet', 'loss3_classifier')",50,True,HumanPredictions_20151118.txt,0.5
154,0.49,0.0619212432273,0.001,"('googlenet', 'prob')",50,True,HumanPredictions_20151118.txt,0.5
155,0.472017141303,0.116678184899,0.001,"('pb', '')",50,True,HumanPredictions_20151118.txt,0.8
156,0.454252689743,0.118136381097,0.001,"('alexnet', 'conv1')",50,True,HumanPredictions_20151118.txt,0.8
157,0.456983508157,0.115131178931,0.001,"('alexnet', 'pool1')",50,True,HumanPredictions_20151118.txt,0.8
158,0.453338495753,0.104666303256,0.001,"('alexnet', 'norm1')",50,True,HumanPredictions_20151118.txt,0.8
159,0.49304284197,0.130222787977,0.001,"('alexnet', 'conv2')",50,True,HumanPredictions_20151118.txt,0.8
160,0.486869295893,0.123766425716,0.001,"('alexnet', 'pool2')",50,True,HumanPredictions_20151118.txt,0.8
161,0.479599525118,0.101738516633,0.001,"('alexnet', 'norm2')",50,True,HumanPredictions_20151118.txt,0.8
162,0.465247173145,0.10465612653,0.001,"('alexnet', 'conv3')",50,True,HumanPredictions_20151118.txt,0.8
163,0.465164677464,0.113668586085,0.001,"('alexnet', 'conv4')",50,True,HumanPredictions_20151118.txt,0.8
164,0.467367746104,0.113846802949,0.001,"('alexnet', 'conv5')",50,True,HumanPredictions_20151118.txt,0.8
165,0.474507656787,0.108490763921,0.001,"('alexnet', 'pool5')",50,True,HumanPredictions_20151118.txt,0.8
166,0.479766116853,0.119967608757,0.001,"('alexnet', 'fc6')",50,True,HumanPredictions_20151118.txt,0.8
167,0.462666977785,0.112601796592,0.001,"('alexnet', 'fc7')",50,True,HumanPredictions_20151118.txt,0.8
168,0.474507656787,0.108490763921,0.001,"('alexnet', 'fc8')",50,True,HumanPredictions_20151118.txt,0.8
169,0.47984099012,0.114369516944,0.001,"('alexnet', 'prob')",50,True,HumanPredictions_20151118.txt,0.8
170,0.461989109645,0.092961848295,0.001,"('googlenet', 'pool1_norm1')",50,True,HumanPredictions_20151118.txt,0.8
171,0.449089553771,0.110115739257,0.001,"('googlenet', 'conv2_norm2')",50,True,HumanPredictions_20151118.txt,0.8
172,0.474081928694,0.102262745192,0.001,"('googlenet', 'inception_3a_output')",50,True,HumanPredictions_20151118.txt,0.8
173,0.468381256911,0.100516423933,0.001,"('googlenet', 'inception_3b_output')",50,True,HumanPredictions_20151118.txt,0.8
174,0.477716980363,0.0954954089264,0.001,"('googlenet', 'pool3_3x3_s2')",50,True,HumanPredictions_20151118.txt,0.8
175,0.456431641635,0.103687487974,0.001,"('googlenet', 'inception_4a_output')",50,True,HumanPredictions_20151118.txt,0.8
176,0.457717373915,0.103279417896,0.001,"('googlenet', 'inception_4b_output')",50,True,HumanPredictions_20151118.txt,0.8
177,0.487119923478,0.126894035297,0.001,"('googlenet', 'inception_4c_output')",50,True,HumanPredictions_20151118.txt,0.8
178,0.481807507169,0.111395538342,0.001,"('googlenet', 'inception_4d_output')",50,True,HumanPredictions_20151118.txt,0.8
179,0.474489308514,0.10342854764,0.001,"('googlenet', 'inception_4e_output')",50,True,HumanPredictions_20151118.txt,0.8
180,0.466204406297,0.111845525587,0.001,"('googlenet', 'pool4_3x3_s2')",50,True,HumanPredictions_20151118.txt,0.8
181,0.454396063277,0.118871398286,0.001,"('googlenet', 'inception_5a_output')",50,True,HumanPredictions_20151118.txt,0.8
182,0.467167016243,0.113117909537,0.001,"('googlenet', 'inception_5b_output')",50,True,HumanPredictions_20151118.txt,0.8
183,0.465765359874,0.11789682509,0.001,"('googlenet', 'pool5_7x7_s1')",50,True,HumanPredictions_20151118.txt,0.8
184,0.474659071593,0.13410838753,0.001,"('googlenet', 'loss3_classifier')",50,True,HumanPredictions_20151118.txt,0.8
185,0.472700142482,0.125446867909,0.001,"('googlenet', 'prob')",50,True,HumanPredictions_20151118.txt,0.8
186,0.499523809524,0.0606540317261,0.01,"('pb', '')",50,True,HumanPredictions_20151118.txt,0.5
187,0.491666666667,0.0570062852086,0.01,"('alexnet', 'conv1')",50,True,HumanPredictions_20151118.txt,0.5
188,0.431904761905,0.0579330288149,0.01,"('alexnet', 'pool1')",50,True,HumanPredictions_20151118.txt,0.5
189,0.484523809524,0.054774843192,0.01,"('alexnet', 'norm1')",50,True,HumanPredictions_20151118.txt,0.5
190,0.524047619048,0.0836216102221,0.01,"('alexnet', 'conv2')",50,True,HumanPredictions_20151118.txt,0.5
191,0.500238095238,0.0663465956044,0.01,"('alexnet', 'pool2')",50,True,HumanPredictions_20151118.txt,0.5
192,0.508095238095,0.0558606137029,0.01,"('alexnet', 'norm2')",50,True,HumanPredictions_20151118.txt,0.5
193,0.52619047619,0.0589496114435,0.01,"('alexnet', 'conv3')",50,True,HumanPredictions_20151118.txt,0.5
194,0.474047619048,0.0689116065972,0.01,"('alexnet', 'conv4')",50,True,HumanPredictions_20151118.txt,0.5
195,0.49619047619,0.0613269739383,0.01,"('alexnet', 'conv5')",50,True,HumanPredictions_20151118.txt,0.5
196,0.455,0.0712016235897,0.01,"('alexnet', 'pool5')",50,True,HumanPredictions_20151118.txt,0.5
197,0.520952380952,0.0546873198086,0.01,"('alexnet', 'fc6')",50,True,HumanPredictions_20151118.txt,0.5
198,0.545952380952,0.076041893812,0.01,"('alexnet', 'fc7')",50,True,HumanPredictions_20151118.txt,0.5
199,0.570952380952,0.0708292315739,0.01,"('alexnet', 'fc8')",50,True,HumanPredictions_20151118.txt,0.5
200,0.475238095238,0.0601792485007,0.01,"('alexnet', 'prob')",50,True,HumanPredictions_20151118.txt,0.5
201,0.41119047619,0.0476315459789,0.01,"('googlenet', 'pool1_norm1')",50,True,HumanPredictions_20151118.txt,0.5
202,0.492142857143,0.0662662293474,0.01,"('googlenet', 'conv2_norm2')",50,True,HumanPredictions_20151118.txt,0.5
203,0.480238095238,0.0571235086291,0.01,"('googlenet', 'inception_3a_output')",50,True,HumanPredictions_20151118.txt,0.5
204,0.518095238095,0.0763109167097,0.01,"('googlenet', 'inception_3b_output')",50,True,HumanPredictions_20151118.txt,0.5
205,0.523333333333,0.0377934474638,0.01,"('googlenet', 'pool3_3x3_s2')",50,True,HumanPredictions_20151118.txt,0.5
206,0.523095238095,0.0609547060568,0.01,"('googlenet', 'inception_4a_output')",50,True,HumanPredictions_20151118.txt,0.5
207,0.562380952381,0.0566726687498,0.01,"('googlenet', 'inception_4b_output')",50,True,HumanPredictions_20151118.txt,0.5
208,0.552857142857,0.073815667947,0.01,"('googlenet', 'inception_4c_output')",50,True,HumanPredictions_20151118.txt,0.5
209,0.524047619048,0.0516447177429,0.01,"('googlenet', 'inception_4d_output')",50,True,HumanPredictions_20151118.txt,0.5
210,0.474285714286,0.0545212101689,0.01,"('googlenet', 'inception_4e_output')",50,True,HumanPredictions_20151118.txt,0.5
211,0.513571428571,0.0629495172607,0.01,"('googlenet', 'pool4_3x3_s2')",50,True,HumanPredictions_20151118.txt,0.5
212,0.504523809524,0.0675490079922,0.01,"('googlenet', 'inception_5a_output')",50,True,HumanPredictions_20151118.txt,0.5
213,0.563333333333,0.0725092847288,0.01,"('googlenet', 'inception_5b_output')",50,True,HumanPredictions_20151118.txt,0.5
214,0.581904761905,0.0610583156813,0.01,"('googlenet', 'pool5_7x7_s1')",50,True,HumanPredictions_20151118.txt,0.5
215,0.584285714286,0.0526960221298,0.01,"('googlenet', 'loss3_classifier')",50,True,HumanPredictions_20151118.txt,0.5
216,0.484047619048,0.0705344836139,0.01,"('googlenet', 'prob')",50,True,HumanPredictions_20151118.txt,0.5
217,0.555026486752,0.106710558902,0.01,"('pb', '')",50,True,HumanPredictions_20151118.txt,0.8
218,0.469872129316,0.121686646935,0.01,"('alexnet', 'conv1')",50,True,HumanPredictions_20151118.txt,0.8
219,0.4338063531,0.106010122157,0.01,"('alexnet', 'pool1')",50,True,HumanPredictions_20151118.txt,0.8
220,0.560826870611,0.0999158994241,0.01,"('alexnet', 'norm1')",50,True,HumanPredictions_20151118.txt,0.8
221,0.59133890661,0.0943683761646,0.01,"('alexnet', 'conv2')",50,True,HumanPredictions_20151118.txt,0.8
222,0.576110054598,0.0925155718705,0.01,"('alexnet', 'pool2')",50,True,HumanPredictions_20151118.txt,0.8
223,0.517671424041,0.0868099360602,0.01,"('alexnet', 'norm2')",50,True,HumanPredictions_20151118.txt,0.8
224,0.496521378695,0.0964432631063,0.01,"('alexnet', 'conv3')",50,True,HumanPredictions_20151118.txt,0.8
225,0.447037957288,0.0951089484127,0.01,"('alexnet', 'conv4')",50,True,HumanPredictions_20151118.txt,0.8
226,0.548234723664,0.13513710211,0.01,"('alexnet', 'conv5')",50,True,HumanPredictions_20151118.txt,0.8
227,0.490656741611,0.101454066598,0.01,"('alexnet', 'pool5')",50,True,HumanPredictions_20151118.txt,0.8
228,0.589679873225,0.0922133441922,0.01,"('alexnet', 'fc6')",50,True,HumanPredictions_20151118.txt,0.8
229,0.53020692015,0.0856621979215,0.01,"('alexnet', 'fc7')",50,True,HumanPredictions_20151118.txt,0.8
230,0.552622293666,0.115104102097,0.01,"('alexnet', 'fc8')",50,True,HumanPredictions_20151118.txt,0.8
231,0.509789062597,0.130151229251,0.01,"('alexnet', 'prob')",50,True,HumanPredictions_20151118.txt,0.8
232,0.471690936378,0.0889434585652,0.01,"('googlenet', 'pool1_norm1')",50,True,HumanPredictions_20151118.txt,0.8
233,0.478126178092,0.0774203900679,0.01,"('googlenet', 'conv2_norm2')",50,True,HumanPredictions_20151118.txt,0.8
234,0.583581297124,0.0711285118811,0.01,"('googlenet', 'inception_3a_output')",50,True,HumanPredictions_20151118.txt,0.8
235,0.601900176379,0.127963711851,0.01,"('googlenet', 'inception_3b_output')",50,True,HumanPredictions_20151118.txt,0.8
236,0.490214608082,0.0954835102558,0.01,"('googlenet', 'pool3_3x3_s2')",50,True,HumanPredictions_20151118.txt,0.8
237,0.458693232031,0.0789931498935,0.01,"('googlenet', 'inception_4a_output')",50,True,HumanPredictions_20151118.txt,0.8
238,0.584509002242,0.114434771744,0.01,"('googlenet', 'inception_4b_output')",50,True,HumanPredictions_20151118.txt,0.8
239,0.576567923534,0.0904129583701,0.01,"('googlenet', 'inception_4c_output')",50,True,HumanPredictions_20151118.txt,0.8
240,0.55667472418,0.083801937708,0.01,"('googlenet', 'inception_4d_output')",50,True,HumanPredictions_20151118.txt,0.8
241,0.557722077004,0.0923728274773,0.01,"('googlenet', 'inception_4e_output')",50,True,HumanPredictions_20151118.txt,0.8
242,0.601031502181,0.0799350508105,0.01,"('googlenet', 'pool4_3x3_s2')",50,True,HumanPredictions_20151118.txt,0.8
243,0.534467634846,0.112396414218,0.01,"('googlenet', 'inception_5a_output')",50,True,HumanPredictions_20151118.txt,0.8
244,0.614172693317,0.0879303211381,0.01,"('googlenet', 'inception_5b_output')",50,True,HumanPredictions_20151118.txt,0.8
245,0.600577085858,0.0998914319702,0.01,"('googlenet', 'pool5_7x7_s1')",50,True,HumanPredictions_20151118.txt,0.8
246,0.623087022772,0.129929952132,0.01,"('googlenet', 'loss3_classifier')",50,True,HumanPredictions_20151118.txt,0.8
247,0.512502373741,0.118276232858,0.01,"('googlenet', 'prob')",50,True,HumanPredictions_20151118.txt,0.8
248,0.495,0.0629531193675,1.0,"('pb', '')",50,True,HumanPredictions_20151118.txt,0.5
249,0.499761904762,0.0623832242407,1.0,"('alexnet', 'conv1')",50,True,HumanPredictions_20151118.txt,0.5
250,0.492619047619,0.0498233842138,1.0,"('alexnet', 'pool1')",50,True,HumanPredictions_20151118.txt,0.5
251,0.478571428571,0.0715475200063,1.0,"('alexnet', 'norm1')",50,True,HumanPredictions_20151118.txt,0.5
252,0.49380952381,0.0678149409286,1.0,"('alexnet', 'conv2')",50,True,HumanPredictions_20151118.txt,0.5
253,0.457142857143,0.058418305459,1.0,"('alexnet', 'pool2')",50,True,HumanPredictions_20151118.txt,0.5
254,0.509523809524,0.0564943357986,1.0,"('alexnet', 'norm2')",50,True,HumanPredictions_20151118.txt,0.5
255,0.540952380952,0.0738540572258,1.0,"('alexnet', 'conv3')",50,True,HumanPredictions_20151118.txt,0.5
256,0.471904761905,0.053545496369,1.0,"('alexnet', 'conv4')",50,True,HumanPredictions_20151118.txt,0.5
257,0.509761904762,0.0835605745224,1.0,"('alexnet', 'conv5')",50,True,HumanPredictions_20151118.txt,0.5
258,0.475,0.0556475994882,1.0,"('alexnet', 'pool5')",50,True,HumanPredictions_20151118.txt,0.5
259,0.524047619048,0.057709983338,1.0,"('alexnet', 'fc6')",50,True,HumanPredictions_20151118.txt,0.5
260,0.523333333333,0.0778087078118,1.0,"('alexnet', 'fc7')",50,True,HumanPredictions_20151118.txt,0.5
261,0.518333333333,0.0605721960119,1.0,"('alexnet', 'fc8')",50,True,HumanPredictions_20151118.txt,0.5
262,0.524761904762,0.0631666262811,1.0,"('alexnet', 'prob')",50,True,HumanPredictions_20151118.txt,0.5
263,0.44380952381,0.0608443983973,1.0,"('googlenet', 'pool1_norm1')",50,True,HumanPredictions_20151118.txt,0.5
264,0.483571428571,0.0755512620495,1.0,"('googlenet', 'conv2_norm2')",50,True,HumanPredictions_20151118.txt,0.5
265,0.515,0.0989688904143,1.0,"('googlenet', 'inception_3a_output')",50,True,HumanPredictions_20151118.txt,0.5
266,0.539047619048,0.0683478497937,1.0,"('googlenet', 'inception_3b_output')",50,True,HumanPredictions_20151118.txt,0.5
267,0.511666666667,0.0500843958935,1.0,"('googlenet', 'pool3_3x3_s2')",50,True,HumanPredictions_20151118.txt,0.5
268,0.517380952381,0.0613625521942,1.0,"('googlenet', 'inception_4a_output')",50,True,HumanPredictions_20151118.txt,0.5
269,0.548095238095,0.0633064747918,1.0,"('googlenet', 'inception_4b_output')",50,True,HumanPredictions_20151118.txt,0.5
270,0.510952380952,0.0692050749846,1.0,"('googlenet', 'inception_4c_output')",50,True,HumanPredictions_20151118.txt,0.5
271,0.485,0.0563843507663,1.0,"('googlenet', 'inception_4d_output')",50,True,HumanPredictions_20151118.txt,0.5
272,0.472619047619,0.0746970449621,1.0,"('googlenet', 'inception_4e_output')",50,True,HumanPredictions_20151118.txt,0.5
273,0.5,0.058418305459,1.0,"('googlenet', 'pool4_3x3_s2')",50,True,HumanPredictions_20151118.txt,0.5
274,0.515952380952,0.0844352319238,1.0,"('googlenet', 'inception_5a_output')",50,True,HumanPredictions_20151118.txt,0.5
275,0.510714285714,0.0513010986343,1.0,"('googlenet', 'inception_5b_output')",50,True,HumanPredictions_20151118.txt,0.5
276,0.538333333333,0.0748880494782,1.0,"('googlenet', 'pool5_7x7_s1')",50,True,HumanPredictions_20151118.txt,0.5
277,0.565476190476,0.0862171098024,1.0,"('googlenet', 'loss3_classifier')",50,True,HumanPredictions_20151118.txt,0.5
278,0.524523809524,0.0807564154693,1.0,"('googlenet', 'prob')",50,True,HumanPredictions_20151118.txt,0.5
279,0.569014145525,0.0779255971904,1.0,"('pb', '')",50,True,HumanPredictions_20151118.txt,0.8
280,0.502207082852,0.112504659495,1.0,"('alexnet', 'conv1')",50,True,HumanPredictions_20151118.txt,0.8
281,0.448020377567,0.0953441137453,1.0,"('alexnet', 'pool1')",50,True,HumanPredictions_20151118.txt,0.8
282,0.534530106787,0.0968683252132,1.0,"('alexnet', 'norm1')",50,True,HumanPredictions_20151118.txt,0.8
283,0.532312718852,0.138970601455,1.0,"('alexnet', 'conv2')",50,True,HumanPredictions_20151118.txt,0.8
284,0.558965687376,0.107762885088,1.0,"('alexnet', 'pool2')",50,True,HumanPredictions_20151118.txt,0.8
285,0.573835636446,0.106834693185,1.0,"('alexnet', 'norm2')",50,True,HumanPredictions_20151118.txt,0.8
286,0.545131262811,0.091278100555,1.0,"('alexnet', 'conv3')",50,True,HumanPredictions_20151118.txt,0.8
287,0.487020036983,0.104440708959,1.0,"('alexnet', 'conv4')",50,True,HumanPredictions_20151118.txt,0.8
288,0.525394891272,0.118609668498,1.0,"('alexnet', 'conv5')",50,True,HumanPredictions_20151118.txt,0.8
289,0.547016096988,0.108263052118,1.0,"('alexnet', 'pool5')",50,True,HumanPredictions_20151118.txt,0.8
290,0.558470382687,0.0976779458147,1.0,"('alexnet', 'fc6')",50,True,HumanPredictions_20151118.txt,0.8
291,0.511023484374,0.0949045888975,1.0,"('alexnet', 'fc7')",50,True,HumanPredictions_20151118.txt,0.8
292,0.499468366084,0.107700109989,1.0,"('alexnet', 'fc8')",50,True,HumanPredictions_20151118.txt,0.8
293,0.61599986801,0.0809268163313,1.0,"('alexnet', 'prob')",50,True,HumanPredictions_20151118.txt,0.8
294,0.498028763789,0.0989850859328,1.0,"('googlenet', 'pool1_norm1')",50,True,HumanPredictions_20151118.txt,0.8
295,0.519050201612,0.096222841784,1.0,"('googlenet', 'conv2_norm2')",50,True,HumanPredictions_20151118.txt,0.8
296,0.535580858323,0.111414249374,1.0,"('googlenet', 'inception_3a_output')",50,True,HumanPredictions_20151118.txt,0.8
297,0.60119382538,0.130803320556,1.0,"('googlenet', 'inception_3b_output')",50,True,HumanPredictions_20151118.txt,0.8
298,0.526640536707,0.115349882861,1.0,"('googlenet', 'pool3_3x3_s2')",50,True,HumanPredictions_20151118.txt,0.8
299,0.463597842549,0.0923277931793,1.0,"('googlenet', 'inception_4a_output')",50,True,HumanPredictions_20151118.txt,0.8
300,0.601361371766,0.0969845270606,1.0,"('googlenet', 'inception_4b_output')",50,True,HumanPredictions_20151118.txt,0.8
301,0.529247666384,0.113343454247,1.0,"('googlenet', 'inception_4c_output')",50,True,HumanPredictions_20151118.txt,0.8
302,0.545221796982,0.101975284505,1.0,"('googlenet', 'inception_4d_output')",50,True,HumanPredictions_20151118.txt,0.8
303,0.485253172725,0.133760452908,1.0,"('googlenet', 'inception_4e_output')",50,True,HumanPredictions_20151118.txt,0.8
304,0.580125615147,0.121287548712,1.0,"('googlenet', 'pool4_3x3_s2')",50,True,HumanPredictions_20151118.txt,0.8
305,0.535216822483,0.130921519438,1.0,"('googlenet', 'inception_5a_output')",50,True,HumanPredictions_20151118.txt,0.8
306,0.582183892918,0.106975773067,1.0,"('googlenet', 'inception_5b_output')",50,True,HumanPredictions_20151118.txt,0.8
307,0.5912246926,0.094016275585,1.0,"('googlenet', 'pool5_7x7_s1')",50,True,HumanPredictions_20151118.txt,0.8
308,0.62767636627,0.114215806592,1.0,"('googlenet', 'loss3_classifier')",50,True,HumanPredictions_20151118.txt,0.8
309,0.515791504086,0.12437034959,1.0,"('googlenet', 'prob')",50,True,HumanPredictions_20151118.txt,0.8
310,0.495952380952,0.0677049253459,10.0,"('pb', '')",50,True,HumanPredictions_20151118.txt,0.5
311,0.498095238095,0.0721927377457,10.0,"('alexnet', 'conv1')",50,True,HumanPredictions_20151118.txt,0.5
312,0.469047619048,0.058321184352,10.0,"('alexnet', 'pool1')",50,True,HumanPredictions_20151118.txt,0.5
313,0.473571428571,0.0626462008845,10.0,"('alexnet', 'norm1')",50,True,HumanPredictions_20151118.txt,0.5
314,0.502380952381,0.0719819831325,10.0,"('alexnet', 'conv2')",50,True,HumanPredictions_20151118.txt,0.5
315,0.438333333333,0.0648865222598,10.0,"('alexnet', 'pool2')",50,True,HumanPredictions_20151118.txt,0.5
316,0.48119047619,0.0655990189905,10.0,"('alexnet', 'norm2')",50,True,HumanPredictions_20151118.txt,0.5
317,0.518095238095,0.0553918222146,10.0,"('alexnet', 'conv3')",50,True,HumanPredictions_20151118.txt,0.5
318,0.482380952381,0.0490406837445,10.0,"('alexnet', 'conv4')",50,True,HumanPredictions_20151118.txt,0.5
319,0.523095238095,0.069880445362,10.0,"('alexnet', 'conv5')",50,True,HumanPredictions_20151118.txt,0.5
320,0.489523809524,0.0629778782743,10.0,"('alexnet', 'pool5')",50,True,HumanPredictions_20151118.txt,0.5
321,0.532857142857,0.049633577984,10.0,"('alexnet', 'fc6')",50,True,HumanPredictions_20151118.txt,0.5
322,0.523333333333,0.0757038028083,10.0,"('alexnet', 'fc7')",50,True,HumanPredictions_20151118.txt,0.5
323,0.49880952381,0.0658215997466,10.0,"('alexnet', 'fc8')",50,True,HumanPredictions_20151118.txt,0.5
324,0.529761904762,0.05764904768,10.0,"('alexnet', 'prob')",50,True,HumanPredictions_20151118.txt,0.5
325,0.450476190476,0.0786204753122,10.0,"('googlenet', 'pool1_norm1')",50,True,HumanPredictions_20151118.txt,0.5
326,0.485714285714,0.0608425349485,10.0,"('googlenet', 'conv2_norm2')",50,True,HumanPredictions_20151118.txt,0.5
327,0.51,0.0701617825954,10.0,"('googlenet', 'inception_3a_output')",50,True,HumanPredictions_20151118.txt,0.5
328,0.527857142857,0.0689494375852,10.0,"('googlenet', 'inception_3b_output')",50,True,HumanPredictions_20151118.txt,0.5
329,0.51,0.0555001991784,10.0,"('googlenet', 'pool3_3x3_s2')",50,True,HumanPredictions_20151118.txt,0.5
330,0.500476190476,0.0571408729814,10.0,"('googlenet', 'inception_4a_output')",50,True,HumanPredictions_20151118.txt,0.5
331,0.500952380952,0.0744534126659,10.0,"('googlenet', 'inception_4b_output')",50,True,HumanPredictions_20151118.txt,0.5
332,0.522619047619,0.052664277049,10.0,"('googlenet', 'inception_4c_output')",50,True,HumanPredictions_20151118.txt,0.5
333,0.496904761905,0.0778032433206,10.0,"('googlenet', 'inception_4d_output')",50,True,HumanPredictions_20151118.txt,0.5
334,0.45,0.0797885527625,10.0,"('googlenet', 'inception_4e_output')",50,True,HumanPredictions_20151118.txt,0.5
335,0.479523809524,0.0651198093452,10.0,"('googlenet', 'pool4_3x3_s2')",50,True,HumanPredictions_20151118.txt,0.5
336,0.53,0.0725405508614,10.0,"('googlenet', 'inception_5a_output')",50,True,HumanPredictions_20151118.txt,0.5
337,0.495238095238,0.0549169647365,10.0,"('googlenet', 'inception_5b_output')",50,True,HumanPredictions_20151118.txt,0.5
338,0.532142857143,0.0714384913747,10.0,"('googlenet', 'pool5_7x7_s1')",50,True,HumanPredictions_20151118.txt,0.5
339,0.565476190476,0.0631850214748,10.0,"('googlenet', 'loss3_classifier')",50,True,HumanPredictions_20151118.txt,0.5
340,0.512857142857,0.0762588978489,10.0,"('googlenet', 'prob')",50,True,HumanPredictions_20151118.txt,0.5
341,0.565181794903,0.088597606206,10.0,"('pb', '')",50,True,HumanPredictions_20151118.txt,0.8
342,0.512595412605,0.102148085441,10.0,"('alexnet', 'conv1')",50,True,HumanPredictions_20151118.txt,0.8
343,0.444626976155,0.124836295554,10.0,"('alexnet', 'pool1')",50,True,HumanPredictions_20151118.txt,0.8
344,0.543627640196,0.0985942047694,10.0,"('alexnet', 'norm1')",50,True,HumanPredictions_20151118.txt,0.8
345,0.564699795665,0.118737600699,10.0,"('alexnet', 'conv2')",50,True,HumanPredictions_20151118.txt,0.8
346,0.537472215824,0.0960103507341,10.0,"('alexnet', 'pool2')",50,True,HumanPredictions_20151118.txt,0.8
347,0.536275342356,0.0969984366928,10.0,"('alexnet', 'norm2')",50,True,HumanPredictions_20151118.txt,0.8
348,0.51565141319,0.084140873315,10.0,"('alexnet', 'conv3')",50,True,HumanPredictions_20151118.txt,0.8
349,0.468799305212,0.101234101693,10.0,"('alexnet', 'conv4')",50,True,HumanPredictions_20151118.txt,0.8
350,0.529795653321,0.126324305374,10.0,"('alexnet', 'conv5')",50,True,HumanPredictions_20151118.txt,0.8
351,0.539437267609,0.10823896047,10.0,"('alexnet', 'pool5')",50,True,HumanPredictions_20151118.txt,0.8
352,0.54352514539,0.105849543364,10.0,"('alexnet', 'fc6')",50,True,HumanPredictions_20151118.txt,0.8
353,0.54500070047,0.0890648295634,10.0,"('alexnet', 'fc7')",50,True,HumanPredictions_20151118.txt,0.8
354,0.52556405741,0.110241102332,10.0,"('alexnet', 'fc8')",50,True,HumanPredictions_20151118.txt,0.8
355,0.611301377375,0.084087180839,10.0,"('alexnet', 'prob')",50,True,HumanPredictions_20151118.txt,0.8
356,0.516048014921,0.118529949363,10.0,"('googlenet', 'pool1_norm1')",50,True,HumanPredictions_20151118.txt,0.8
357,0.515176474389,0.0859285524531,10.0,"('googlenet', 'conv2_norm2')",50,True,HumanPredictions_20151118.txt,0.8
358,0.519561438998,0.103517874362,10.0,"('googlenet', 'inception_3a_output')",50,True,HumanPredictions_20151118.txt,0.8
359,0.619020850339,0.0937523500893,10.0,"('googlenet', 'inception_3b_output')",50,True,HumanPredictions_20151118.txt,0.8
360,0.516451994051,0.110784950445,10.0,"('googlenet', 'pool3_3x3_s2')",50,True,HumanPredictions_20151118.txt,0.8
361,0.471913913658,0.112567405698,10.0,"('googlenet', 'inception_4a_output')",50,True,HumanPredictions_20151118.txt,0.8
362,0.594738308987,0.114814208586,10.0,"('googlenet', 'inception_4b_output')",50,True,HumanPredictions_20151118.txt,0.8
363,0.529045896274,0.101517186192,10.0,"('googlenet', 'inception_4c_output')",50,True,HumanPredictions_20151118.txt,0.8
364,0.544741984604,0.0902718958627,10.0,"('googlenet', 'inception_4d_output')",50,True,HumanPredictions_20151118.txt,0.8
365,0.499413779839,0.0973801493369,10.0,"('googlenet', 'inception_4e_output')",50,True,HumanPredictions_20151118.txt,0.8
366,0.582463434542,0.113123849777,10.0,"('googlenet', 'pool4_3x3_s2')",50,True,HumanPredictions_20151118.txt,0.8
367,0.531868716293,0.132661011094,10.0,"('googlenet', 'inception_5a_output')",50,True,HumanPredictions_20151118.txt,0.8
368,0.590881028851,0.0932886465524,10.0,"('googlenet', 'inception_5b_output')",50,True,HumanPredictions_20151118.txt,0.8
369,0.57734362691,0.102790866504,10.0,"('googlenet', 'pool5_7x7_s1')",50,True,HumanPredictions_20151118.txt,0.8
370,0.652212401546,0.111495223607,10.0,"('googlenet', 'loss3_classifier')",50,True,HumanPredictions_20151118.txt,0.8
371,0.511603933133,0.123149815045,10.0,"('googlenet', 'prob')",50,True,HumanPredictions_20151118.txt,0.8
372,0.498571428571,0.0639603760559,100.0,"('pb', '')",50,True,HumanPredictions_20151118.txt,0.5
373,0.467142857143,0.0616551745129,100.0,"('alexnet', 'conv1')",50,True,HumanPredictions_20151118.txt,0.5
374,0.479523809524,0.0503412391863,100.0,"('alexnet', 'pool1')",50,True,HumanPredictions_20151118.txt,0.5
375,0.473095238095,0.0682137663073,100.0,"('alexnet', 'norm1')",50,True,HumanPredictions_20151118.txt,0.5
376,0.492857142857,0.0734630886692,100.0,"('alexnet', 'conv2')",50,True,HumanPredictions_20151118.txt,0.5
377,0.430476190476,0.0566126192834,100.0,"('alexnet', 'pool2')",50,True,HumanPredictions_20151118.txt,0.5
378,0.486666666667,0.0614285714286,100.0,"('alexnet', 'norm2')",50,True,HumanPredictions_20151118.txt,0.5
379,0.513333333333,0.0682482463456,100.0,"('alexnet', 'conv3')",50,True,HumanPredictions_20151118.txt,0.5
380,0.48880952381,0.0650488217138,100.0,"('alexnet', 'conv4')",50,True,HumanPredictions_20151118.txt,0.5
381,0.514523809524,0.0742036329186,100.0,"('alexnet', 'conv5')",50,True,HumanPredictions_20151118.txt,0.5
382,0.492619047619,0.0587998835361,100.0,"('alexnet', 'pool5')",50,True,HumanPredictions_20151118.txt,0.5
383,0.530238095238,0.062461325903,100.0,"('alexnet', 'fc6')",50,True,HumanPredictions_20151118.txt,0.5
384,0.529047619048,0.0820016038779,100.0,"('alexnet', 'fc7')",50,True,HumanPredictions_20151118.txt,0.5
385,0.526666666667,0.0562207343874,100.0,"('alexnet', 'fc8')",50,True,HumanPredictions_20151118.txt,0.5
386,0.539761904762,0.0604034996208,100.0,"('alexnet', 'prob')",50,True,HumanPredictions_20151118.txt,0.5
387,0.437857142857,0.0657371423328,100.0,"('googlenet', 'pool1_norm1')",50,True,HumanPredictions_20151118.txt,0.5
388,0.45,0.0794681869918,100.0,"('googlenet', 'conv2_norm2')",50,True,HumanPredictions_20151118.txt,0.5
389,0.517142857143,0.0901988229657,100.0,"('googlenet', 'inception_3a_output')",50,True,HumanPredictions_20151118.txt,0.5
390,0.538333333333,0.0652176714641,100.0,"('googlenet', 'inception_3b_output')",50,True,HumanPredictions_20151118.txt,0.5
391,0.498095238095,0.0699594958941,100.0,"('googlenet', 'pool3_3x3_s2')",50,True,HumanPredictions_20151118.txt,0.5
392,0.477857142857,0.0699858262294,100.0,"('googlenet', 'inception_4a_output')",50,True,HumanPredictions_20151118.txt,0.5
393,0.51380952381,0.0682781426366,100.0,"('googlenet', 'inception_4b_output')",50,True,HumanPredictions_20151118.txt,0.5
394,0.535952380952,0.0561162746552,100.0,"('googlenet', 'inception_4c_output')",50,True,HumanPredictions_20151118.txt,0.5
395,0.494047619048,0.0600099198149,100.0,"('googlenet', 'inception_4d_output')",50,True,HumanPredictions_20151118.txt,0.5
396,0.459285714286,0.0640246019891,100.0,"('googlenet', 'inception_4e_output')",50,True,HumanPredictions_20151118.txt,0.5
397,0.492142857143,0.0640918593888,100.0,"('googlenet', 'pool4_3x3_s2')",50,True,HumanPredictions_20151118.txt,0.5
398,0.535,0.0762057276402,100.0,"('googlenet', 'inception_5a_output')",50,True,HumanPredictions_20151118.txt,0.5
399,0.502380952381,0.0693343798979,100.0,"('googlenet', 'inception_5b_output')",50,True,HumanPredictions_20151118.txt,0.5
400,0.527857142857,0.0804469515777,100.0,"('googlenet', 'pool5_7x7_s1')",50,True,HumanPredictions_20151118.txt,0.5
401,0.554523809524,0.0774849118514,100.0,"('googlenet', 'loss3_classifier')",50,True,HumanPredictions_20151118.txt,0.5
402,0.519523809524,0.0765527103395,100.0,"('googlenet', 'prob')",50,True,HumanPredictions_20151118.txt,0.5
403,0.580710852489,0.0787646645822,100.0,"('pb', '')",50,True,HumanPredictions_20151118.txt,0.8
404,0.494885178935,0.131038451841,100.0,"('alexnet', 'conv1')",50,True,HumanPredictions_20151118.txt,0.8
405,0.436884480619,0.111376743298,100.0,"('alexnet', 'pool1')",50,True,HumanPredictions_20151118.txt,0.8
406,0.544937591688,0.0836259423141,100.0,"('alexnet', 'norm1')",50,True,HumanPredictions_20151118.txt,0.8
407,0.565461317849,0.134930975176,100.0,"('alexnet', 'conv2')",50,True,HumanPredictions_20151118.txt,0.8
408,0.581207847409,0.0946995915095,100.0,"('alexnet', 'pool2')",50,True,HumanPredictions_20151118.txt,0.8
409,0.592053322722,0.110077939337,100.0,"('alexnet', 'norm2')",50,True,HumanPredictions_20151118.txt,0.8
410,0.550215501438,0.0895732677674,100.0,"('alexnet', 'conv3')",50,True,HumanPredictions_20151118.txt,0.8
411,0.461798344218,0.105684373059,100.0,"('alexnet', 'conv4')",50,True,HumanPredictions_20151118.txt,0.8
412,0.546618605338,0.113300450956,100.0,"('alexnet', 'conv5')",50,True,HumanPredictions_20151118.txt,0.8
413,0.515225472555,0.130972473792,100.0,"('alexnet', 'pool5')",50,True,HumanPredictions_20151118.txt,0.8
414,0.576843628939,0.105447087625,100.0,"('alexnet', 'fc6')",50,True,HumanPredictions_20151118.txt,0.8
415,0.5148066081,0.0984390058075,100.0,"('alexnet', 'fc7')",50,True,HumanPredictions_20151118.txt,0.8
416,0.48348947181,0.108885737677,100.0,"('alexnet', 'fc8')",50,True,HumanPredictions_20151118.txt,0.8
417,0.64066608131,0.0621949010004,100.0,"('alexnet', 'prob')",50,True,HumanPredictions_20151118.txt,0.8
418,0.493850191991,0.0966951218768,100.0,"('googlenet', 'pool1_norm1')",50,True,HumanPredictions_20151118.txt,0.8
419,0.509459775969,0.0784165605874,100.0,"('googlenet', 'conv2_norm2')",50,True,HumanPredictions_20151118.txt,0.8
420,0.563957546057,0.114287022033,100.0,"('googlenet', 'inception_3a_output')",50,True,HumanPredictions_20151118.txt,0.8
421,0.577065444765,0.120764334397,100.0,"('googlenet', 'inception_3b_output')",50,True,HumanPredictions_20151118.txt,0.8
422,0.52703663405,0.104268148614,100.0,"('googlenet', 'pool3_3x3_s2')",50,True,HumanPredictions_20151118.txt,0.8
423,0.493482799691,0.0752494795083,100.0,"('googlenet', 'inception_4a_output')",50,True,HumanPredictions_20151118.txt,0.8
424,0.575684776583,0.107911390226,100.0,"('googlenet', 'inception_4b_output')",50,True,HumanPredictions_20151118.txt,0.8
425,0.580440935354,0.10377744704,100.0,"('googlenet', 'inception_4c_output')",50,True,HumanPredictions_20151118.txt,0.8
426,0.566776947743,0.110646068616,100.0,"('googlenet', 'inception_4d_output')",50,True,HumanPredictions_20151118.txt,0.8
427,0.50068117896,0.121359164846,100.0,"('googlenet', 'inception_4e_output')",50,True,HumanPredictions_20151118.txt,0.8
428,0.594771835302,0.132870741489,100.0,"('googlenet', 'pool4_3x3_s2')",50,True,HumanPredictions_20151118.txt,0.8
429,0.573720994238,0.139298004537,100.0,"('googlenet', 'inception_5a_output')",50,True,HumanPredictions_20151118.txt,0.8
430,0.574442493521,0.10456500111,100.0,"('googlenet', 'inception_5b_output')",50,True,HumanPredictions_20151118.txt,0.8
431,0.622312052318,0.105100314417,100.0,"('googlenet', 'pool5_7x7_s1')",50,True,HumanPredictions_20151118.txt,0.8
432,0.648235164107,0.117670814581,100.0,"('googlenet', 'loss3_classifier')",50,True,HumanPredictions_20151118.txt,0.8
433,0.498961049668,0.140433960141,100.0,"('googlenet', 'prob')",50,True,HumanPredictions_20151118.txt,0.8
434,0.505238095238,0.053935797897,0.1,"('pb', '')",50,True,HumanPredictions_20151118.txt,0.5
435,0.484285714286,0.0804057172412,0.1,"('alexnet', 'conv1')",50,True,HumanPredictions_20151118.txt,0.5
436,0.472380952381,0.0647006012372,0.1,"('alexnet', 'pool1')",50,True,HumanPredictions_20151118.txt,0.5
437,0.490952380952,0.0646181878737,0.1,"('alexnet', 'norm1')",50,True,HumanPredictions_20151118.txt,0.5
438,0.499047619048,0.0694911860836,0.1,"('alexnet', 'conv2')",50,True,HumanPredictions_20151118.txt,0.5
439,0.463333333333,0.0578252900757,0.1,"('alexnet', 'pool2')",50,True,HumanPredictions_20151118.txt,0.5
440,0.488095238095,0.0526508199702,0.1,"('alexnet', 'norm2')",50,True,HumanPredictions_20151118.txt,0.5
441,0.529523809524,0.051795428755,0.1,"('alexnet', 'conv3')",50,True,HumanPredictions_20151118.txt,0.5
442,0.46,0.0570813160674,0.1,"('alexnet', 'conv4')",50,True,HumanPredictions_20151118.txt,0.5
443,0.492380952381,0.0671648055987,0.1,"('alexnet', 'conv5')",50,True,HumanPredictions_20151118.txt,0.5
444,0.480238095238,0.0530054761215,0.1,"('alexnet', 'pool5')",50,True,HumanPredictions_20151118.txt,0.5
445,0.531428571429,0.0468243206764,0.1,"('alexnet', 'fc6')",50,True,HumanPredictions_20151118.txt,0.5
446,0.543095238095,0.0760746888041,0.1,"('alexnet', 'fc7')",50,True,HumanPredictions_20151118.txt,0.5
447,0.502380952381,0.074611617219,0.1,"('alexnet', 'fc8')",50,True,HumanPredictions_20151118.txt,0.5
448,0.503095238095,0.065022671783,0.1,"('alexnet', 'prob')",50,True,HumanPredictions_20151118.txt,0.5
449,0.42880952381,0.0711299312539,0.1,"('googlenet', 'pool1_norm1')",50,True,HumanPredictions_20151118.txt,0.5
450,0.486904761905,0.0566071115618,0.1,"('googlenet', 'conv2_norm2')",50,True,HumanPredictions_20151118.txt,0.5
451,0.506904761905,0.0711936613398,0.1,"('googlenet', 'inception_3a_output')",50,True,HumanPredictions_20151118.txt,0.5
452,0.532619047619,0.0733012452988,0.1,"('googlenet', 'inception_3b_output')",50,True,HumanPredictions_20151118.txt,0.5
453,0.497380952381,0.0580430093095,0.1,"('googlenet', 'pool3_3x3_s2')",50,True,HumanPredictions_20151118.txt,0.5
454,0.515238095238,0.0703102938051,0.1,"('googlenet', 'inception_4a_output')",50,True,HumanPredictions_20151118.txt,0.5
455,0.532142857143,0.0566571620681,0.1,"('googlenet', 'inception_4b_output')",50,True,HumanPredictions_20151118.txt,0.5
456,0.526428571429,0.0849266056349,0.1,"('googlenet', 'inception_4c_output')",50,True,HumanPredictions_20151118.txt,0.5
457,0.499523809524,0.0641957041816,0.1,"('googlenet', 'inception_4d_output')",50,True,HumanPredictions_20151118.txt,0.5
458,0.469761904762,0.0631832270575,0.1,"('googlenet', 'inception_4e_output')",50,True,HumanPredictions_20151118.txt,0.5
459,0.497619047619,0.0563939013444,0.1,"('googlenet', 'pool4_3x3_s2')",50,True,HumanPredictions_20151118.txt,0.5
460,0.527142857143,0.066753345012,0.1,"('googlenet', 'inception_5a_output')",50,True,HumanPredictions_20151118.txt,0.5
461,0.52119047619,0.0774556416101,0.1,"('googlenet', 'inception_5b_output')",50,True,HumanPredictions_20151118.txt,0.5
462,0.565238095238,0.0693441906727,0.1,"('googlenet', 'pool5_7x7_s1')",50,True,HumanPredictions_20151118.txt,0.5
463,0.57,0.0597443533324,0.1,"('googlenet', 'loss3_classifier')",50,True,HumanPredictions_20151118.txt,0.5
464,0.500714285714,0.0650052326518,0.1,"('googlenet', 'prob')",50,True,HumanPredictions_20151118.txt,0.5
465,0.551610873331,0.0907108794068,0.1,"('pb', '')",50,True,HumanPredictions_20151118.txt,0.8
466,0.449560189249,0.098563818149,0.1,"('alexnet', 'conv1')",50,True,HumanPredictions_20151118.txt,0.8
467,0.443195019001,0.102055309708,0.1,"('alexnet', 'pool1')",50,True,HumanPredictions_20151118.txt,0.8
468,0.570417923252,0.100317947544,0.1,"('alexnet', 'norm1')",50,True,HumanPredictions_20151118.txt,0.8
469,0.549241165806,0.144221187986,0.1,"('alexnet', 'conv2')",50,True,HumanPredictions_20151118.txt,0.8
470,0.571108074121,0.0973260213142,0.1,"('alexnet', 'pool2')",50,True,HumanPredictions_20151118.txt,0.8
471,0.544855321852,0.108452758749,0.1,"('alexnet', 'norm2')",50,True,HumanPredictions_20151118.txt,0.8
472,0.526386194323,0.10775740766,0.1,"('alexnet', 'conv3')",50,True,HumanPredictions_20151118.txt,0.8
473,0.455044504833,0.113585262076,0.1,"('alexnet', 'conv4')",50,True,HumanPredictions_20151118.txt,0.8
474,0.501873045689,0.132788868472,0.1,"('alexnet', 'conv5')",50,True,HumanPredictions_20151118.txt,0.8
475,0.528159522388,0.123650177393,0.1,"('alexnet', 'pool5')",50,True,HumanPredictions_20151118.txt,0.8
476,0.554085345287,0.0922686902691,0.1,"('alexnet', 'fc6')",50,True,HumanPredictions_20151118.txt,0.8
477,0.516024531068,0.0836139787156,0.1,"('alexnet', 'fc7')",50,True,HumanPredictions_20151118.txt,0.8
478,0.515297966533,0.0973517648423,0.1,"('alexnet', 'fc8')",50,True,HumanPredictions_20151118.txt,0.8
479,0.565919798656,0.103360101568,0.1,"('alexnet', 'prob')",50,True,HumanPredictions_20151118.txt,0.8
480,0.486977214204,0.100672178777,0.1,"('googlenet', 'pool1_norm1')",50,True,HumanPredictions_20151118.txt,0.8
481,0.507093094376,0.0795008518068,0.1,"('googlenet', 'conv2_norm2')",50,True,HumanPredictions_20151118.txt,0.8
482,0.514108384341,0.0741336204717,0.1,"('googlenet', 'inception_3a_output')",50,True,HumanPredictions_20151118.txt,0.8
483,0.584185448056,0.133664803975,0.1,"('googlenet', 'inception_3b_output')",50,True,HumanPredictions_20151118.txt,0.8
484,0.525130414879,0.103219383982,0.1,"('googlenet', 'pool3_3x3_s2')",50,True,HumanPredictions_20151118.txt,0.8
485,0.482690096387,0.115863243475,0.1,"('googlenet', 'inception_4a_output')",50,True,HumanPredictions_20151118.txt,0.8
486,0.569021112449,0.0855220209108,0.1,"('googlenet', 'inception_4b_output')",50,True,HumanPredictions_20151118.txt,0.8
487,0.546505923274,0.121410572621,0.1,"('googlenet', 'inception_4c_output')",50,True,HumanPredictions_20151118.txt,0.8
488,0.56632066744,0.1021598226,0.1,"('googlenet', 'inception_4d_output')",50,True,HumanPredictions_20151118.txt,0.8
489,0.506992245461,0.102131633468,0.1,"('googlenet', 'inception_4e_output')",50,True,HumanPredictions_20151118.txt,0.8
490,0.59475060021,0.115970476089,0.1,"('googlenet', 'pool4_3x3_s2')",50,True,HumanPredictions_20151118.txt,0.8
491,0.55888469925,0.12029745783,0.1,"('googlenet', 'inception_5a_output')",50,True,HumanPredictions_20151118.txt,0.8
492,0.602282860947,0.080446344933,0.1,"('googlenet', 'inception_5b_output')",50,True,HumanPredictions_20151118.txt,0.8
493,0.623733472955,0.118603268364,0.1,"('googlenet', 'pool5_7x7_s1')",50,True,HumanPredictions_20151118.txt,0.8
494,0.642432269091,0.11074151795,0.1,"('googlenet', 'loss3_classifier')",50,True,HumanPredictions_20151118.txt,0.8
495,0.484024939172,0.130972223385,0.1,"('googlenet', 'prob')",50,True,HumanPredictions_20151118.txt,0.8
